{"cameraMode":{"drawMode":0,"name":"Shaded","section":"Shading Mode"},"sceneLighting":true,"audioPlay":false,"sceneViewState":{"showFog":true,"showMaterialUpdate":false,"showSkybox":true,"showFlares":true,"showImageEffects":true,"showParticleSystems":true},"in2DMode":false,"pivot":{"x":-0.9369657635688782,"y":8.725546836853028,"z":13.244452476501465},"rotation":{"x":-0.03331299126148224,"y":0.5850034356117249,"z":-0.02405932918190956,"w":-0.8099891543388367},"size":22.623811721801759,"orthographic":false}