{"cameraMode":{"drawMode":0,"name":"Shaded","section":"Shading Mode"},"sceneLighting":true,"audioPlay":false,"sceneViewState":{"showFog":true,"showMaterialUpdate":false,"showSkybox":true,"showFlares":true,"showImageEffects":true,"showParticleSystems":true},"in2DMode":false,"pivot":{"x":-109.82852172851563,"y":2.3933424949645998,"z":-56.843772888183597},"rotation":{"x":0.029339905828237535,"y":-0.8492100238800049,"z":0.047450050711631778,"w":0.52510005235672},"size":176.01220703125,"orthographic":false}